Date,Time,Water_Temp_C,DO_pctsat,DO_mg_l,Conductivity_uS_cm,TDS_mg_l,Salinity_ppt,pH_SU
8/14/2024,1:56:33 PM,24.196,76.9,6.44,409.7,266,0.2,7.23
8/14/2024,1:56:43 PM,24.191,76.7,6.43,409.8,266,0.2,7.2
8/14/2024,1:56:53 PM,24.181,76.6,6.42,409.7,266,0.2,7.18
8/14/2024,1:57:03 PM,24.178,76.5,6.41,409.6,266,0.2,7.16
8/14/2024,1:57:13 PM,24.166,76.3,6.4,409,266,0.2,7.15
8/14/2024,1:57:23 PM,24.167,76.3,6.39,408.7,266,0.2,7.15
8/14/2024,1:57:33 PM,24.164,76.2,6.39,408.6,266,0.2,7.14
8/14/2024,1:57:43 PM,24.173,76.1,6.38,408.6,266,0.2,7.13
8/14/2024,1:57:53 PM,24.181,76.5,6.41,403.7,262,0.19,7.13
8/14/2024,1:58:03 PM,24.206,77.6,6.5,398.6,259,0.19,7.13
8/14/2024,1:58:13 PM,24.189,77.3,6.48,379.9,247,0.18,7.11
8/14/2024,1:58:23 PM,24.173,77.4,6.49,387.6,252,0.18,7.1
8/14/2024,1:58:33 PM,24.13,78.5,6.59,390.6,254,0.19,7.1
8/14/2024,1:58:43 PM,24.122,79.1,6.63,389.5,253,0.19,7.09
8/14/2024,1:58:53 PM,24.129,79.3,6.65,384.1,250,0.18,7.08
8/14/2024,1:59:03 PM,24.243,80,6.69,388,252,0.19,7.07
8/14/2024,1:59:13 PM,24.157,80.2,6.72,392.2,255,0.19,7.06
8/14/2024,1:59:23 PM,24.596,82,6.82,394.9,257,0.19,7.05
8/14/2024,1:59:33 PM,24.807,83.3,6.9,362.5,236,0.17,7.03
8/14/2024,1:59:43 PM,25.315,86,7.06,370.8,241,0.18,7.02
8/14/2024,1:59:53 PM,25.263,86.5,7.11,381.2,248,0.18,7.02
8/14/2024,2:00:03 PM,25.445,87.4,7.16,387.8,252,0.18,7.02
8/14/2024,2:00:13 PM,25.306,87.5,7.18,380.2,247,0.18,7.01
8/14/2024,2:00:23 PM,25.015,86.6,7.15,391.1,254,0.19,7.01
8/14/2024,2:00:33 PM,25.178,87.3,7.18,387.8,252,0.18,7.01
8/14/2024,2:00:43 PM,24.954,86.7,7.16,389.2,253,0.19,7
8/14/2024,2:00:53 PM,25.053,87.2,7.19,385.8,251,0.18,7
8/14/2024,2:01:03 PM,25.391,91.7,7.52,369.1,240,0.18,6.99
8/14/2024,2:01:13 PM,25.789,93.2,7.58,381.8,248,0.18,6.99
8/14/2024,2:01:23 PM,25.143,90.9,7.48,394,256,0.19,6.99
8/14/2024,2:01:33 PM,25.151,91.2,7.51,393.3,256,0.19,6.99
8/14/2024,2:01:43 PM,24.601,88.1,7.33,398.8,259,0.19,7
8/14/2024,2:01:53 PM,24.382,86,7.18,401.5,261,0.19,7
8/14/2024,2:02:03 PM,24.374,85.3,7.12,397.2,258,0.19,6.99
8/14/2024,2:02:13 PM,24.467,85.5,7.13,391.2,254,0.19,6.99
8/14/2024,2:02:23 PM,24.703,86.5,7.18,386.2,251,0.18,6.98
8/14/2024,2:02:33 PM,24.664,87.3,7.25,389.9,253,0.19,6.99
8/14/2024,2:02:43 PM,24.163,86.5,7.25,387.6,252,0.18,6.99
8/14/2024,2:02:53 PM,24.029,85.7,7.2,396.4,258,0.19,7
8/14/2024,2:03:03 PM,24.079,85.1,7.15,397.8,259,0.19,7
8/14/2024,2:03:13 PM,24.18,88.7,7.44,396.9,258,0.19,7
8/14/2024,2:03:23 PM,24.544,89.7,7.47,399,259,0.19,7
8/14/2024,2:03:33 PM,24.934,91.5,7.57,396.4,258,0.19,7.01
8/14/2024,2:03:43 PM,25.005,92.8,7.66,367.5,239,0.17,7.02
8/14/2024,2:03:53 PM,25.028,93.2,7.69,382.3,249,0.18,7.03
8/14/2024,2:04:03 PM,25.075,93.5,7.71,383.2,249,0.18,7.03
8/14/2024,2:04:13 PM,25.459,95.5,7.82,356.7,232,0.17,7.04
8/14/2024,2:04:23 PM,25.602,97,7.92,399.2,260,0.19,7.04
8/14/2024,2:04:33 PM,25.904,98.5,8,396.1,257,0.19,7.05
8/14/2024,2:04:43 PM,26.086,99.6,8.06,396.2,258,0.19,7.05
8/14/2024,2:04:53 PM,25.571,98.3,8.03,396.3,258,0.19,7.06
8/14/2024,2:05:03 PM,25.524,98.5,8.05,396.7,258,0.19,7.06
8/14/2024,2:05:13 PM,25.759,99.4,8.09,395,257,0.19,7.06
8/14/2024,2:05:23 PM,25.955,100,8.11,388.1,252,0.18,7.06
8/14/2024,2:05:33 PM,26.035,99.6,8.07,390.2,254,0.19,7.05
8/14/2024,2:05:43 PM,26.093,99.5,8.05,395.9,257,0.19,7.04
8/14/2024,2:05:53 PM,26.103,99.8,8.08,395.5,257,0.19,7.04
8/14/2024,2:06:03 PM,26.088,100.2,8.11,395.5,257,0.19,7.04
8/14/2024,2:06:13 PM,26.087,100.7,8.15,395.6,257,0.19,7.04
8/14/2024,2:06:23 PM,25.955,101.2,8.21,395.8,257,0.19,7.04
8/14/2024,2:06:33 PM,25.926,101.9,8.27,394.7,257,0.19,7.05
8/14/2024,2:06:43 PM,27.223,107.6,8.71,388.3,252,0.18,7.06
8/14/2024,2:06:53 PM,27.293,108.1,8.56,394.3,256,0.19,7.06
8/14/2024,2:07:03 PM,26.617,103.6,8.3,398.4,259,0.19,7.05
8/14/2024,2:07:13 PM,26.054,103.7,8.4,399.6,260,0.19,7.06
8/14/2024,2:07:23 PM,26.349,101,8.14,400.9,261,0.19,7.05
8/14/2024,2:07:33 PM,26.552,98.6,7.92,401.5,261,0.19,7.02
8/14/2024,2:07:43 PM,26.577,96.6,7.75,400.7,260,0.19,6.98
8/14/2024,2:07:53 PM,26.774,95.9,7.67,399.7,260,0.19,6.95
8/14/2024,2:08:03 PM,26.834,95.5,7.62,397.6,258,0.19,6.92
8/14/2024,2:08:13 PM,26.36,96.2,7.75,397.3,258,0.19,6.92
8/14/2024,2:08:23 PM,26.132,98.9,7.99,397.4,258,0.19,6.95
8/14/2024,2:08:33 PM,26.041,100,8.1,398.1,259,0.19,6.99
8/14/2024,2:08:43 PM,26.073,101,8.18,398.2,259,0.19,7.01
8/14/2024,2:08:53 PM,26.168,101.4,8.2,395.3,257,0.19,7.03
8/14/2024,2:09:03 PM,26.158,101.1,8.17,393.2,256,0.19,7.04
8/14/2024,2:09:13 PM,26.323,101.7,8.2,396.8,258,0.19,7.05
8/14/2024,2:09:23 PM,26.294,101.7,8.2,396,257,0.19,7.06
8/14/2024,2:09:33 PM,26.517,102.8,8.26,395.1,257,0.19,7.06
8/14/2024,2:09:43 PM,26.192,101.8,8.22,396.5,258,0.19,7.07
8/14/2024,2:09:53 PM,25.817,100.4,8.17,397.3,258,0.19,7.07
8/14/2024,2:10:03 PM,25.988,100.8,8.17,391.6,255,0.19,7.08
8/14/2024,2:10:13 PM,25.643,96.4,7.86,395.2,257,0.19,7.08
8/14/2024,2:10:23 PM,24.921,96.4,7.97,396.6,258,0.19,7.08
8/14/2024,2:10:33 PM,24.903,95.8,7.92,395.2,257,0.19,7.07
8/14/2024,2:10:43 PM,24.85,95.3,7.89,395.7,257,0.19,7.07
8/14/2024,2:10:53 PM,24.979,95.4,7.88,395.9,257,0.19,7.07
8/14/2024,2:11:03 PM,24.429,92.8,7.74,401.3,261,0.19,7.07
8/14/2024,2:11:13 PM,24.13,90.4,7.58,399.5,260,0.19,7.06
8/14/2024,2:11:23 PM,24.032,87.8,7.38,399.1,259,0.19,7.04
8/14/2024,2:11:33 PM,24.121,87.2,7.31,400.3,260,0.19,7.03
8/14/2024,2:11:43 PM,24.367,87.5,7.31,400.6,260,0.19,7.01
8/14/2024,2:11:53 PM,24.7,88.7,7.36,398.9,259,0.19,7
8/14/2024,2:12:03 PM,24.581,88.4,7.35,398,259,0.19,7
8/14/2024,2:12:13 PM,24.363,87,7.27,399.8,260,0.19,6.99
8/14/2024,2:12:23 PM,24.37,86.3,7.21,399.3,260,0.19,6.98
8/14/2024,2:12:33 PM,24.581,90,7.49,397.7,259,0.19,6.98
8/14/2024,2:12:43 PM,25.181,90.5,7.45,393.1,255,0.19,6.97
8/14/2024,2:12:53 PM,25.046,90,7.42,395.8,257,0.19,6.97
8/14/2024,2:13:03 PM,25.597,93,7.59,394.4,256,0.19,6.97
8/14/2024,2:13:13 PM,25.534,92.2,7.53,392.8,255,0.19,6.96
8/14/2024,2:13:23 PM,25.326,90.8,7.45,395,257,0.19,6.96
8/14/2024,2:13:33 PM,25.093,89.2,7.35,396.7,258,0.19,6.96
8/14/2024,2:13:43 PM,25.071,88.3,7.28,395.2,257,0.19,6.96
8/14/2024,2:13:53 PM,25.327,89.1,7.31,392.6,255,0.19,6.96
8/14/2024,2:14:03 PM,25.445,90.3,7.4,393.5,256,0.19,6.95
8/14/2024,2:14:13 PM,25.298,89.1,7.31,394.2,256,0.19,6.95
8/14/2024,2:14:23 PM,25.396,88.9,7.29,393.8,256,0.19,6.95
8/14/2024,2:14:33 PM,25.21,88.2,7.25,396,257,0.19,6.95
8/14/2024,2:14:43 PM,25.118,87.3,7.19,397.2,258,0.19,6.95
8/14/2024,2:14:53 PM,24.544,84.7,7.05,397.3,258,0.19,6.95
8/14/2024,2:15:03 PM,24.355,82.6,6.9,402.6,262,0.19,6.94
8/14/2024,2:15:13 PM,24.235,81.5,6.82,400.5,260,0.19,6.94
8/14/2024,2:15:23 PM,24.302,81.1,6.78,397.7,259,0.19,6.94
8/14/2024,2:15:33 PM,24.287,80.7,6.75,399,259,0.19,6.93
8/14/2024,2:15:43 PM,24.189,80,6.7,399.9,260,0.19,6.92
8/14/2024,2:15:53 PM,24.188,79.9,6.7,399.7,260,0.19,6.92
8/14/2024,2:16:03 PM,24.212,80.1,6.71,400.5,260,0.19,6.92
8/14/2024,2:16:13 PM,24.286,75.2,6.29,446.4,290,0.21,6.9
8/14/2024,2:16:23 PM,24.3,74.8,6.26,427.9,278,0.2,6.88
8/14/2024,2:16:33 PM,24.283,74.5,6.23,427.4,278,0.2,6.87
8/14/2024,2:16:43 PM,24.29,75.3,6.3,416.3,271,0.2,6.87
8/14/2024,2:16:53 PM,24.272,75.8,6.34,417.4,271,0.2,6.87
8/14/2024,2:17:03 PM,24.303,75.8,6.34,416.4,271,0.2,6.86
8/14/2024,2:17:13 PM,24.329,75.7,6.32,413.2,269,0.2,6.86
8/14/2024,2:17:23 PM,24.367,75.9,6.34,412.9,268,0.2,6.86
8/14/2024,2:17:33 PM,24.387,76.7,6.41,404.5,263,0.19,6.86
8/14/2024,2:17:43 PM,24.398,77,6.43,406.7,264,0.19,6.86
8/14/2024,2:17:53 PM,24.393,76.6,6.39,411.8,268,0.2,6.86
8/14/2024,2:18:03 PM,24.404,76.2,6.36,413.3,269,0.2,6.86
8/14/2024,2:18:13 PM,24.522,77.3,6.44,408.5,266,0.2,6.85
8/14/2024,2:18:23 PM,24.494,77.8,6.48,411.6,268,0.2,6.85
8/14/2024,2:18:33 PM,24.462,77.1,6.42,414.3,269,0.2,6.85
8/14/2024,2:18:43 PM,24.514,76.9,6.4,412.4,268,0.2,6.85
8/14/2024,2:18:53 PM,24.619,77.5,6.44,414.3,269,0.2,6.85
8/14/2024,2:19:03 PM,24.648,78.4,6.52,413.3,269,0.2,6.85
8/14/2024,2:19:13 PM,24.618,78.4,6.52,414,269,0.2,6.85
8/14/2024,2:19:23 PM,24.618,78.2,6.5,412.9,268,0.2,6.85
8/14/2024,2:19:33 PM,24.621,78.4,6.52,410,266,0.2,6.85
8/14/2024,2:19:43 PM,24.652,78.7,6.53,407.8,265,0.19,6.85
8/14/2024,2:19:53 PM,24.676,78.8,6.54,407.4,265,0.19,6.85
8/14/2024,2:20:03 PM,24.713,78.7,6.53,406.2,264,0.19,6.85
8/14/2024,2:20:13 PM,24.765,78.5,6.51,408.2,265,0.19,6.85
8/14/2024,2:20:23 PM,24.822,78.7,6.52,410.3,267,0.2,6.85
8/14/2024,2:20:33 PM,24.77,78.6,6.52,410.2,267,0.2,6.84
8/14/2024,2:20:43 PM,24.749,78.2,6.48,407.2,265,0.19,6.84
8/14/2024,2:20:53 PM,25.35,80.7,6.62,409.1,266,0.2,6.83
8/14/2024,2:21:03 PM,25.446,82.1,6.72,408.8,266,0.19,6.82
8/14/2024,2:21:13 PM,25.325,81.4,6.68,407.8,265,0.19,6.82
8/14/2024,2:21:23 PM,24.821,79.9,6.62,402.2,261,0.19,6.83
8/14/2024,2:21:33 PM,24.825,79.3,6.57,403.4,262,0.19,6.83
8/14/2024,2:21:43 PM,24.955,79.6,6.58,403.4,262,0.19,6.83
8/14/2024,2:21:53 PM,24.972,79.8,6.59,408.8,266,0.2,6.84
8/14/2024,2:22:03 PM,24.941,79.6,6.58,411.7,268,0.2,6.84
8/14/2024,2:22:13 PM,25.005,79.5,6.56,411.1,267,0.2,6.83
8/14/2024,2:22:23 PM,25.009,79.5,6.56,411.5,267,0.2,6.83
8/14/2024,2:22:33 PM,25.031,79.6,6.57,411.5,267,0.2,6.83
8/14/2024,2:22:43 PM,25.026,79.7,6.58,410.3,267,0.2,6.83
8/14/2024,2:22:53 PM,25.075,80.2,6.61,410.4,267,0.2,6.83
8/14/2024,2:23:03 PM,25.104,80.5,6.63,412.5,268,0.2,6.83
8/14/2024,2:23:13 PM,25.087,80.4,6.62,412.6,268,0.2,6.84
8/14/2024,2:23:23 PM,25.196,80.6,6.63,412.7,268,0.2,6.84
8/14/2024,2:23:33 PM,25.307,81.2,6.67,413.1,269,0.2,6.84
8/14/2024,2:23:43 PM,25.509,82.1,6.71,413.9,269,0.2,6.83
8/14/2024,2:23:53 PM,25.48,82,6.71,413.3,269,0.2,6.82
8/14/2024,2:24:03 PM,25.391,81.7,6.69,412.9,268,0.2,6.81
8/14/2024,2:24:13 PM,25.36,81.6,6.69,412,268,0.2,6.82
8/14/2024,2:24:23 PM,25.397,81.7,6.7,412.1,268,0.2,6.82
8/14/2024,2:24:33 PM,25.351,81.9,6.72,412.5,268,0.2,6.82
8/14/2024,2:24:43 PM,25.366,81.8,6.71,412.2,268,0.2,6.82
8/14/2024,2:24:53 PM,25.386,81.7,6.69,412.4,268,0.2,6.82
8/14/2024,2:25:03 PM,25.389,81.5,6.68,412.9,268,0.2,6.83
8/14/2024,2:25:13 PM,25.48,81.8,6.69,412.9,268,0.2,6.83
8/14/2024,2:25:23 PM,25.517,82,6.71,412.8,268,0.2,6.83
8/14/2024,2:25:33 PM,25.615,82.6,6.74,412.8,268,0.2,6.83
8/14/2024,2:25:43 PM,25.602,83.2,6.79,412.7,268,0.2,6.83
8/14/2024,2:25:53 PM,25.537,83.4,6.82,412.1,268,0.2,6.83
8/14/2024,2:26:03 PM,25.445,83.3,6.82,412.1,268,0.2,6.84
8/14/2024,2:26:13 PM,25.41,83.2,6.82,412.2,268,0.2,6.84
8/14/2024,2:26:23 PM,25.374,83.5,6.84,412.2,268,0.2,6.84
8/14/2024,2:26:33 PM,25.311,83.7,6.87,412.2,268,0.2,6.84
8/14/2024,2:26:43 PM,25.223,83.3,6.85,412.1,268,0.2,6.84
8/14/2024,2:26:53 PM,25.179,82.8,6.81,412.1,268,0.2,6.84
8/14/2024,2:27:03 PM,25.214,82.9,6.81,412.2,268,0.2,6.84
8/14/2024,2:27:13 PM,25.217,82.8,6.81,412.3,268,0.2,6.84
8/14/2024,2:27:23 PM,25.261,82.9,6.81,412.3,268,0.2,6.83
8/14/2024,2:27:33 PM,25.259,82.8,6.8,412.2,268,0.2,6.83
8/14/2024,2:27:43 PM,25.203,82.3,6.77,412.5,268,0.2,6.83
8/14/2024,2:27:53 PM,25.236,82.3,6.77,412.7,268,0.2,6.83
8/14/2024,2:28:03 PM,25.217,82.3,6.77,412.6,268,0.2,6.83
8/14/2024,2:28:13 PM,25.28,82.4,6.77,412.7,268,0.2,6.82
8/14/2024,2:28:23 PM,25.379,82.6,6.77,412.7,268,0.2,6.82
8/14/2024,2:28:33 PM,25.575,83.8,6.85,413,268,0.2,6.82
8/14/2024,2:28:43 PM,25.53,84.7,6.92,412.1,268,0.2,6.83
8/14/2024,2:28:53 PM,25.368,84.3,6.91,413.1,269,0.2,6.83
8/14/2024,2:29:03 PM,25.07,83,6.84,412.2,268,0.2,6.83
8/14/2024,2:29:13 PM,25.008,82.2,6.79,412,268,0.2,6.83
8/14/2024,2:29:23 PM,25.011,81.9,6.76,412,268,0.2,6.83
8/14/2024,2:29:33 PM,24.999,81.7,6.75,412.1,268,0.2,6.83
8/14/2024,2:29:43 PM,25.021,81.7,6.74,412,268,0.2,6.83
8/14/2024,2:29:53 PM,25.045,81.8,6.75,412.1,268,0.2,6.83
8/14/2024,2:30:03 PM,25.051,82,6.77,412.1,268,0.2,6.83
8/14/2024,2:30:13 PM,25.31,84.2,6.91,412.7,268,0.2,6.83
8/14/2024,2:30:23 PM,25.303,85.5,7.02,412.8,268,0.2,6.83
8/14/2024,2:30:33 PM,25.273,85,6.98,412.6,268,0.2,6.83
8/14/2024,2:30:43 PM,25.271,84.6,6.95,411.7,268,0.2,6.83
8/14/2024,2:30:53 PM,25.27,84.8,6.97,411,267,0.2,6.83
8/14/2024,2:31:03 PM,25.268,85,6.98,411.1,267,0.2,6.84
8/14/2024,2:31:13 PM,25.216,84.6,6.96,411.4,267,0.2,6.84
8/14/2024,2:31:23 PM,25.226,84.6,6.96,411.4,267,0.2,6.84
8/14/2024,2:31:33 PM,25.24,85.2,7,412.6,268,0.2,6.84
8/14/2024,2:31:43 PM,25.252,85.4,7.02,413,268,0.2,6.83
8/14/2024,2:31:53 PM,25.298,86,7.06,413.1,268,0.2,6.83
8/14/2024,2:32:03 PM,25.793,92.6,7.54,413.6,269,0.2,6.83
8/14/2024,2:32:13 PM,26.017,93.3,7.56,414.4,269,0.2,6.84
8/14/2024,2:32:23 PM,25.992,94.1,7.62,414.4,269,0.2,6.85
8/14/2024,2:32:33 PM,25.961,94.2,7.64,414.4,269,0.2,6.86
8/14/2024,2:32:43 PM,26.107,99.4,8.05,415.5,270,0.2,6.86
8/14/2024,2:32:53 PM,26.18,98.2,7.93,415.8,270,0.2,6.86
8/14/2024,2:33:03 PM,26.124,101.9,8.24,415.8,270,0.2,6.86
8/14/2024,2:33:13 PM,26.509,103.4,8.31,416.9,271,0.2,6.87
8/14/2024,2:33:23 PM,26.351,102.7,8.27,416.2,271,0.2,6.87
8/14/2024,2:33:33 PM,26.198,101.5,8.2,415.6,270,0.2,6.88
8/14/2024,2:33:43 PM,26.06,99.4,8.05,415,270,0.2,6.88
8/14/2024,2:33:53 PM,25.925,97.3,7.9,414.5,269,0.2,6.88
8/14/2024,2:34:03 PM,26.075,97.7,7.91,415.2,270,0.2,6.88
8/14/2024,2:34:13 PM,26.119,97.8,7.91,415.2,270,0.2,6.88
8/14/2024,2:34:23 PM,26.11,97.9,7.92,415.1,270,0.2,6.88
8/14/2024,2:34:33 PM,26.044,97.2,7.88,415,270,0.2,6.88
8/14/2024,2:34:43 PM,26.076,97.2,7.87,415.1,270,0.2,6.88
8/14/2024,2:34:53 PM,26.139,97.7,7.9,415.4,270,0.2,6.89
8/14/2024,2:35:03 PM,26.251,98.7,7.96,415.5,270,0.2,6.89
8/14/2024,2:35:13 PM,26.128,98.3,7.94,415.3,270,0.2,6.89
8/14/2024,2:35:23 PM,26.019,97.2,7.88,415,270,0.2,6.9
8/14/2024,2:35:33 PM,26.152,97.3,7.87,415.7,270,0.2,6.89
8/14/2024,2:35:43 PM,26.352,98.1,7.9,416.3,271,0.2,6.89
8/14/2024,2:35:53 PM,26.4,98.6,7.93,416.4,271,0.2,6.89
8/14/2024,2:36:03 PM,26.268,98,7.91,416.1,270,0.2,6.89
8/14/2024,2:36:13 PM,26.244,97.8,7.89,416,270,0.2,6.89
8/14/2024,2:36:23 PM,26.255,98.1,7.91,416,270,0.2,6.89
8/14/2024,2:36:33 PM,26.283,98.5,7.94,415.8,270,0.2,6.89
8/14/2024,2:36:43 PM,26.266,98.3,7.93,416,270,0.2,6.89
8/14/2024,2:36:53 PM,26.217,97.7,7.88,415.8,270,0.2,6.89
8/14/2024,2:37:03 PM,26.237,97.4,7.86,415.8,270,0.2,6.89
8/14/2024,2:37:13 PM,26.273,97.7,7.88,415.8,270,0.2,6.89
8/14/2024,2:37:23 PM,26.243,98.1,7.92,415.7,270,0.2,6.9
8/14/2024,2:37:33 PM,26.222,97.9,7.91,415.5,270,0.2,6.9
8/14/2024,2:37:43 PM,26.259,97.6,7.88,415.7,270,0.2,6.9
8/14/2024,2:37:53 PM,26.289,97.6,7.87,415.9,270,0.2,6.9
8/14/2024,2:38:03 PM,26.373,98.1,7.9,416.1,270,0.2,6.9
8/14/2024,2:38:13 PM,26.43,98.7,7.93,416.1,270,0.2,6.9
8/14/2024,2:38:23 PM,26.32,98.5,7.93,414.6,269,0.2,6.9
8/14/2024,2:38:33 PM,26.312,98.6,7.95,415.1,270,0.2,6.9
8/14/2024,2:38:43 PM,26.306,98.7,7.96,415.9,270,0.2,6.9
8/14/2024,2:38:53 PM,26.257,98.1,7.91,416.1,270,0.2,6.9
8/14/2024,2:39:03 PM,26.101,97.3,7.87,415.6,270,0.2,6.9
8/14/2024,2:39:13 PM,25.904,96.1,7.8,415.7,270,0.2,6.89
8/14/2024,2:39:23 PM,26.018,96.8,7.85,415.7,270,0.2,6.89
8/14/2024,2:39:33 PM,26.073,97.5,7.89,415.6,270,0.2,6.88
8/14/2024,2:39:43 PM,26.088,97.7,7.91,415.9,270,0.2,6.89
8/14/2024,2:39:53 PM,26.018,97.2,7.87,416,270,0.2,6.89
8/14/2024,2:40:03 PM,25.94,96.4,7.82,415.8,270,0.2,6.88
8/14/2024,2:40:13 PM,25.878,95.9,7.79,415.6,270,0.2,6.88
8/14/2024,2:40:23 PM,26.063,96.9,7.84,416,270,0.2,6.88
8/14/2024,2:40:33 PM,26.21,98.1,7.92,415.8,270,0.2,6.87
8/14/2024,2:40:43 PM,25.881,96.6,7.85,415.8,270,0.2,6.87
8/14/2024,2:40:53 PM,25.852,96,7.8,415.5,270,0.2,6.87
8/14/2024,2:41:03 PM,25.959,96.4,7.82,415,270,0.2,6.87
8/14/2024,2:41:13 PM,25.936,96.6,7.84,415.3,270,0.2,6.87
8/14/2024,2:41:23 PM,25.763,95.5,7.78,416,270,0.2,6.88
8/14/2024,2:41:33 PM,25.794,95.2,7.74,415.7,270,0.2,6.88
8/14/2024,2:41:43 PM,25.789,94.9,7.72,415.9,270,0.2,6.87
8/14/2024,2:41:53 PM,25.812,94.8,7.71,416,270,0.2,6.87
8/14/2024,2:42:03 PM,25.836,95,7.72,416,270,0.2,6.87
8/14/2024,2:42:13 PM,25.879,95.3,7.74,416,270,0.2,6.87
8/14/2024,2:42:23 PM,25.862,95.2,7.74,416,270,0.2,6.86
8/14/2024,2:42:33 PM,25.905,95.2,7.73,416.1,270,0.2,6.86
8/14/2024,2:42:43 PM,25.968,95.6,7.75,416,270,0.2,6.86
8/14/2024,2:42:53 PM,25.859,95.2,7.74,416.3,271,0.2,6.87
8/14/2024,2:43:03 PM,25.767,94.7,7.71,415.4,270,0.2,6.87
8/14/2024,2:43:13 PM,25.761,94.5,7.69,414.9,270,0.2,6.86
8/14/2024,2:43:23 PM,25.764,94.3,7.67,414.9,270,0.2,6.86
8/14/2024,2:43:33 PM,25.754,94.1,7.66,415.2,270,0.2,6.86
8/14/2024,2:43:43 PM,25.769,94,7.65,415.7,270,0.2,6.86
8/14/2024,2:43:53 PM,25.794,94,7.65,415.6,270,0.2,6.86
8/14/2024,2:44:03 PM,25.783,94,7.65,416,270,0.2,6.86
8/14/2024,2:44:13 PM,25.773,93.9,7.64,415.6,270,0.2,6.85
8/14/2024,2:44:23 PM,25.765,93.8,7.64,414.5,269,0.2,6.85
8/14/2024,2:44:33 PM,25.776,93.9,7.64,414.8,270,0.2,6.85
8/14/2024,2:44:43 PM,25.79,93.9,7.64,415.3,270,0.2,6.85
8/14/2024,2:44:53 PM,25.773,93.8,7.63,415.8,270,0.2,6.85
8/14/2024,2:45:03 PM,25.761,93.6,7.62,415.5,270,0.2,6.85
8/14/2024,2:45:13 PM,25.775,93.7,7.62,415.8,270,0.2,6.85
8/14/2024,2:45:23 PM,25.789,93.7,7.63,416,270,0.2,6.85
8/14/2024,2:45:33 PM,25.787,93.8,7.64,416.1,270,0.2,6.85
8/14/2024,2:45:43 PM,25.759,93.6,7.62,416.2,271,0.2,6.85
8/14/2024,2:45:53 PM,25.739,93.2,7.59,416.2,271,0.2,6.85
8/14/2024,2:46:03 PM,25.781,93.2,7.58,416.4,271,0.2,6.84
8/14/2024,2:46:13 PM,25.815,93.2,7.58,416.5,271,0.2,6.84
8/14/2024,2:46:23 PM,25.832,93.2,7.58,416.5,271,0.2,6.84
8/14/2024,2:46:33 PM,25.808,93,7.57,416.5,271,0.2,6.84
8/14/2024,2:46:43 PM,25.783,93,7.56,416.2,271,0.2,6.84
8/14/2024,2:46:53 PM,25.788,93.1,7.57,416.2,271,0.2,6.84
8/14/2024,2:47:03 PM,25.77,92.8,7.56,416.1,270,0.2,6.84
8/14/2024,2:47:13 PM,25.784,92.8,7.55,415.7,270,0.2,6.84
8/14/2024,2:47:23 PM,25.778,92.6,7.53,416.2,271,0.2,6.84
8/14/2024,2:47:33 PM,25.779,92.4,7.52,416.2,271,0.2,6.83
8/14/2024,2:47:43 PM,25.792,92.3,7.51,416.3,271,0.2,6.83
8/14/2024,2:47:53 PM,25.798,92.2,7.5,416.5,271,0.2,6.83
8/14/2024,2:48:03 PM,25.763,91.9,7.48,416.5,271,0.2,6.83
8/14/2024,2:48:13 PM,25.745,91.8,7.47,416.4,271,0.2,6.83
8/14/2024,2:48:23 PM,25.841,92.2,7.5,415.8,270,0.2,6.83
8/14/2024,2:48:33 PM,25.934,92.7,7.52,416,270,0.2,6.82
8/14/2024,2:48:43 PM,26.012,93.1,7.54,416.3,271,0.2,6.83
8/14/2024,2:48:53 PM,25.955,92.9,7.53,416.1,270,0.2,6.83
8/14/2024,2:49:03 PM,25.844,92.2,7.49,416.3,271,0.2,6.83
8/14/2024,2:49:13 PM,25.843,92.1,7.48,416.1,270,0.2,6.83
8/14/2024,2:49:23 PM,25.839,92,7.48,416,270,0.2,6.83
8/14/2024,2:49:33 PM,25.844,91.9,7.47,416.2,271,0.2,6.83
8/14/2024,2:49:43 PM,25.984,91.9,7.45,416.2,271,0.2,6.82
8/14/2024,2:49:53 PM,25.883,91.2,7.41,415.1,270,0.2,6.82
8/14/2024,2:50:03 PM,25.84,90.9,7.39,416.2,271,0.2,6.82
8/14/2024,2:50:13 PM,25.869,90.8,7.38,416.2,271,0.2,6.82
8/14/2024,2:50:23 PM,25.911,90.7,7.37,416,270,0.2,6.81
8/14/2024,2:50:33 PM,25.922,90.7,7.36,415.8,270,0.2,6.81
8/14/2024,2:50:43 PM,25.963,90.7,7.36,416.5,271,0.2,6.81
8/14/2024,2:50:53 PM,26.027,90.6,7.34,417.1,271,0.2,6.81
8/14/2024,2:51:03 PM,26.057,90.4,7.32,417.4,271,0.2,6.81
8/14/2024,2:51:13 PM,26.012,90.1,7.3,417,271,0.2,6.81
8/14/2024,2:51:23 PM,25.86,89.6,7.28,416.3,271,0.2,6.81
8/14/2024,2:51:33 PM,25.731,89,7.25,416.1,270,0.2,6.8
8/14/2024,2:51:43 PM,25.747,88.8,7.23,416.2,271,0.2,6.8
8/14/2024,2:51:53 PM,25.77,88.6,7.21,416,270,0.2,6.8
8/14/2024,2:52:03 PM,25.84,88.6,7.2,415.2,270,0.2,6.79
8/14/2024,2:52:13 PM,25.824,88.3,7.18,415.5,270,0.2,6.79
8/14/2024,2:52:23 PM,25.803,88.1,7.17,416.2,271,0.2,6.79
8/14/2024,2:52:33 PM,25.785,87.9,7.15,416,270,0.2,6.79
8/14/2024,2:52:43 PM,25.778,87.6,7.13,416,270,0.2,6.79
8/14/2024,2:52:53 PM,25.778,87.1,7.09,416.4,271,0.2,6.79
8/14/2024,2:53:03 PM,25.755,86.5,7.04,416,270,0.2,6.79
8/14/2024,2:53:13 PM,25.616,85.9,7.01,416.3,271,0.2,6.79
8/14/2024,2:53:23 PM,25.629,85.9,7.01,416.1,270,0.2,6.79
8/14/2024,2:53:33 PM,25.665,85.9,7.01,415.1,270,0.2,6.79
8/14/2024,2:53:43 PM,25.646,85.8,7,415.1,270,0.2,6.79
8/14/2024,2:53:53 PM,25.645,85.6,6.98,416,270,0.2,6.79
8/14/2024,2:54:03 PM,25.641,85.2,6.95,416.4,271,0.2,6.79
8/14/2024,2:54:13 PM,25.674,85.2,6.94,416.1,270,0.2,6.78
8/14/2024,2:54:23 PM,25.708,85.1,6.94,415.9,270,0.2,6.78
8/14/2024,2:54:33 PM,25.669,84.8,6.91,415.7,270,0.2,6.78
8/14/2024,2:54:43 PM,25.642,84.6,6.9,416,270,0.2,6.78
8/14/2024,2:54:53 PM,25.671,84.5,6.89,416.2,271,0.2,6.78
8/14/2024,2:55:03 PM,25.708,84.5,6.89,416.2,271,0.2,6.78
8/14/2024,2:55:13 PM,25.656,84.2,6.87,416.1,270,0.2,6.78
8/14/2024,2:55:23 PM,25.635,84.1,6.86,416,270,0.2,6.77
8/14/2024,2:55:33 PM,25.587,83.7,6.84,416,270,0.2,6.77
8/14/2024,2:55:43 PM,25.566,83.4,6.81,416,270,0.2,6.77
8/14/2024,2:55:53 PM,25.568,83,6.78,416.1,270,0.2,6.77
8/14/2024,2:56:03 PM,25.573,82.7,6.75,416.1,270,0.2,6.77
8/14/2024,2:56:13 PM,25.664,82.7,6.74,416,270,0.2,6.76
8/14/2024,2:56:23 PM,25.64,82.7,6.75,415.7,270,0.2,6.76
8/14/2024,2:56:33 PM,25.42,81.7,6.69,415.5,270,0.2,6.76
8/14/2024,2:56:43 PM,25.578,82,6.7,415.4,270,0.2,6.76
8/14/2024,2:56:53 PM,25.42,81.4,6.67,415.4,270,0.2,6.76
8/14/2024,2:57:03 PM,25.487,81.5,6.67,415.1,270,0.2,6.76
8/14/2024,2:57:13 PM,25.559,81.7,6.68,415.6,270,0.2,6.76
8/14/2024,2:57:23 PM,25.596,81.7,6.67,415.7,270,0.2,6.76
8/14/2024,2:57:33 PM,25.511,80.9,6.62,415.4,270,0.2,6.76
8/14/2024,2:57:43 PM,25.557,80.6,6.59,415,270,0.2,6.76
8/14/2024,2:57:53 PM,25.528,80.1,6.54,415,270,0.2,6.75
8/14/2024,2:58:03 PM,25.45,79.5,6.51,415.2,270,0.2,6.75
8/14/2024,2:58:13 PM,25.33,78.9,6.47,415.1,270,0.2,6.75
8/14/2024,2:58:23 PM,25.369,78.7,6.46,415,270,0.2,6.75
8/14/2024,2:58:33 PM,25.432,79,6.47,415,270,0.2,6.75
8/14/2024,2:58:43 PM,25.432,79.1,6.47,415,270,0.2,6.74
8/14/2024,2:58:53 PM,25.381,78.7,6.45,414.7,270,0.2,6.74
8/14/2024,2:59:03 PM,25.387,78.3,6.42,414.6,269,0.2,6.74
8/14/2024,2:59:13 PM,25.395,78.4,6.42,414.7,270,0.2,6.74
8/14/2024,2:59:23 PM,25.433,78.6,6.44,414.8,270,0.2,6.74
8/14/2024,2:59:33 PM,25.43,78.6,6.44,414.8,270,0.2,6.74
8/14/2024,2:59:43 PM,25.44,78.3,6.42,414.8,270,0.2,6.74
8/14/2024,2:59:53 PM,25.452,77.9,6.38,414.8,270,0.2,6.74
8/14/2024,3:00:03 PM,25.479,77.8,6.37,414.6,270,0.2,6.74
8/14/2024,3:00:13 PM,25.474,77.6,6.35,414.5,269,0.2,6.74
8/14/2024,3:00:23 PM,25.484,77.1,6.31,414.5,269,0.2,6.74
8/14/2024,3:00:33 PM,25.506,77,6.3,414.4,269,0.2,6.74
8/14/2024,3:00:43 PM,25.588,77.2,6.31,414.5,269,0.2,6.73
8/14/2024,3:00:53 PM,25.508,76.9,6.29,414.2,269,0.2,6.73
8/14/2024,3:01:03 PM,25.27,75.9,6.24,413.9,269,0.2,6.74
8/14/2024,3:01:13 PM,25.208,75.5,6.21,414,269,0.2,6.74
8/14/2024,3:01:23 PM,25.267,75.4,6.2,414,269,0.2,6.74
8/14/2024,3:01:33 PM,25.321,75.6,6.2,413.8,269,0.2,6.74
8/14/2024,3:01:43 PM,25.243,75.4,6.19,413.5,269,0.2,6.73
8/14/2024,3:01:53 PM,25.103,74.6,6.15,413.3,269,0.2,6.73
8/14/2024,3:02:03 PM,25.136,74.3,6.12,413.2,269,0.2,6.73
8/14/2024,3:02:13 PM,25.03,73.7,6.08,413.1,269,0.2,6.73
8/14/2024,3:02:23 PM,24.951,72.8,6.02,412.9,268,0.2,6.73
8/14/2024,3:02:33 PM,24.984,72.9,6.02,412.8,268,0.2,6.73
8/14/2024,3:02:43 PM,24.956,72.7,6,413.1,268,0.2,6.73
8/14/2024,3:02:53 PM,24.92,72.1,5.96,413,268,0.2,6.73
8/14/2024,3:03:03 PM,24.955,71.9,5.94,413,268,0.2,6.72
8/14/2024,3:03:13 PM,25.063,72.3,5.96,413.2,269,0.2,6.72
8/14/2024,3:03:23 PM,25.042,72.7,6,413.4,269,0.2,6.72
8/14/2024,3:03:33 PM,25.073,73,6.01,413.3,269,0.2,6.72
8/14/2024,3:03:43 PM,25.094,73.3,6.04,413.4,269,0.2,6.72
8/14/2024,3:03:53 PM,25.074,73.3,6.04,413.4,269,0.2,6.72
8/14/2024,3:04:03 PM,25.059,73.1,6.03,413.4,269,0.2,6.72
8/14/2024,3:04:13 PM,25.127,73.2,6.03,413.4,269,0.2,6.72
8/14/2024,3:04:23 PM,25.111,73.1,6.02,413.4,269,0.2,6.72
8/14/2024,3:04:33 PM,25.367,78.2,6.41,414.2,269,0.2,6.72
8/14/2024,3:04:43 PM,25.055,75.5,6.22,413.2,269,0.2,6.73
8/14/2024,3:04:53 PM,24.968,73.6,6.08,412.7,268,0.2,6.73
8/14/2024,3:05:03 PM,25.016,72.9,6.02,412.9,268,0.2,6.73
8/14/2024,3:05:13 PM,25.079,72.7,5.99,412.9,268,0.2,6.72
8/14/2024,3:05:23 PM,25.152,72.7,5.98,412.9,268,0.2,6.72
8/14/2024,3:05:33 PM,25.193,72.8,5.99,412.9,268,0.2,6.72
8/14/2024,3:05:43 PM,25.239,72.9,5.99,413,268,0.2,6.72
8/14/2024,3:05:53 PM,25.273,72.9,5.99,412.9,268,0.2,6.72
8/14/2024,3:06:03 PM,25.408,74,6.06,412.5,268,0.2,6.72
8/14/2024,3:06:13 PM,25.554,75.1,6.14,412.1,268,0.2,6.73
8/14/2024,3:06:23 PM,25.582,76.1,6.22,412.6,268,0.2,6.73
8/14/2024,3:06:33 PM,25.547,76,6.21,412.7,268,0.2,6.74
8/14/2024,3:06:43 PM,25.49,75.8,6.2,412.5,268,0.2,6.74
8/14/2024,3:06:53 PM,25.325,75.1,6.16,412.4,268,0.2,6.74
8/14/2024,3:07:03 PM,25.372,75.3,6.17,412.5,268,0.2,6.74
8/14/2024,3:07:13 PM,25.544,75.3,6.16,412.7,268,0.2,6.73
8/14/2024,3:07:23 PM,25.498,74.5,6.09,412.6,268,0.2,6.73
8/14/2024,3:07:33 PM,25.532,74.2,6.07,412.4,268,0.2,6.73
8/14/2024,3:07:43 PM,25.541,74.2,6.07,412.4,268,0.2,6.72
8/14/2024,3:07:53 PM,25.594,74.5,6.08,411.7,268,0.2,6.72
8/14/2024,3:08:03 PM,25.459,75,6.14,411.1,267,0.2,6.72
8/14/2024,3:08:13 PM,25.354,74.5,6.11,411.6,268,0.2,6.72
8/14/2024,3:08:23 PM,25.381,74.2,6.08,411.3,267,0.2,6.72
8/14/2024,3:08:33 PM,25.426,73.9,6.05,411.9,268,0.2,6.72
8/14/2024,3:08:43 PM,25.45,73.6,6.03,412.2,268,0.2,6.73
8/14/2024,3:08:53 PM,25.403,73.7,6.04,411.9,268,0.2,6.73
8/14/2024,3:09:03 PM,25.503,74.2,6.07,411.9,268,0.2,6.73
8/14/2024,3:09:13 PM,25.458,74.1,6.06,411.8,268,0.2,6.73
8/14/2024,3:09:23 PM,25.458,74,6.06,411.8,268,0.2,6.72
8/14/2024,3:09:33 PM,25.356,73.7,6.04,411.7,268,0.2,6.73
8/14/2024,3:09:43 PM,25.491,73.9,6.05,411.8,268,0.2,6.73
8/14/2024,3:09:53 PM,25.579,74.2,6.06,411.9,268,0.2,6.72
8/14/2024,3:10:03 PM,25.509,74.1,6.06,411.5,267,0.2,6.72
8/14/2024,3:10:13 PM,25.487,74.5,6.1,411.3,267,0.2,6.73
8/14/2024,3:10:23 PM,25.232,73.6,6.05,411.1,267,0.2,6.73
8/14/2024,3:10:33 PM,25.164,72.7,5.98,411,267,0.2,6.73
8/14/2024,3:10:43 PM,25.199,72.6,5.98,410.8,267,0.2,6.73
8/14/2024,3:10:53 PM,25.035,72.2,5.96,410.7,267,0.2,6.73
8/14/2024,3:11:03 PM,25.004,72.6,6,410.2,267,0.2,6.73
8/14/2024,3:11:13 PM,25.215,74.4,6.12,410.8,267,0.2,6.73
8/14/2024,3:11:23 PM,25.124,74.5,6.13,410.8,267,0.2,6.73
8/14/2024,3:11:33 PM,24.975,72.9,6.02,410.7,267,0.2,6.73
8/14/2024,3:11:43 PM,25.129,73.3,6.04,410.3,267,0.2,6.73
8/14/2024,3:11:53 PM,25.175,73.8,6.07,410,267,0.2,6.73
8/14/2024,3:12:03 PM,25.18,74,6.09,410,266,0.2,6.73
8/14/2024,3:12:13 PM,25.108,73.6,6.06,410.2,267,0.2,6.73
8/14/2024,3:12:23 PM,25.095,73.1,6.02,410,267,0.2,6.73
8/14/2024,3:12:33 PM,25.045,72.5,5.98,410,266,0.2,6.73
8/14/2024,3:12:43 PM,25.152,72.6,5.98,410.2,267,0.2,6.73
8/14/2024,3:12:53 PM,25.247,72.9,5.99,410.2,267,0.2,6.73
8/14/2024,3:13:03 PM,25.215,73,6,410,266,0.2,6.72
8/14/2024,3:13:13 PM,25.263,73.7,6.05,409.4,266,0.2,6.72
8/14/2024,3:13:23 PM,25.324,74.5,6.11,409.3,266,0.2,6.73
8/14/2024,3:13:33 PM,25.492,74.6,6.11,409.9,266,0.2,6.73
8/14/2024,3:13:43 PM,25.46,74.1,6.07,409.8,266,0.2,6.73
8/14/2024,3:13:53 PM,25.508,74.3,6.08,409.8,266,0.2,6.73
8/14/2024,3:14:03 PM,25.597,74.8,6.11,409.7,266,0.2,6.73
8/14/2024,3:14:13 PM,25.662,75.8,6.18,409.4,266,0.2,6.73
8/14/2024,3:14:23 PM,25.74,76.2,6.21,409.2,266,0.2,6.73
8/14/2024,3:14:33 PM,25.519,75.9,6.2,408.7,266,0.19,6.73
8/14/2024,3:14:43 PM,25.426,74.8,6.12,409,266,0.2,6.73
8/14/2024,3:14:53 PM,25.58,74.9,6.12,409.2,266,0.2,6.73
8/14/2024,3:15:03 PM,25.615,75.2,6.13,409.3,266,0.2,6.73
8/14/2024,3:15:13 PM,25.485,74.8,6.12,408.9,266,0.19,6.73
8/14/2024,3:15:23 PM,25.488,75.2,6.15,408.3,265,0.19,6.73
8/14/2024,3:15:33 PM,25.61,75.8,6.19,408.5,266,0.19,6.74
8/14/2024,3:15:43 PM,25.634,76,6.2,408.5,266,0.19,6.74
8/14/2024,3:15:53 PM,25.622,75.8,6.18,408.6,266,0.19,6.74
8/14/2024,3:16:03 PM,25.536,75.5,6.17,408.3,265,0.19,6.74
8/14/2024,3:16:13 PM,25.535,75.7,6.19,407.9,265,0.19,6.74
8/14/2024,3:16:23 PM,25.578,76,6.21,408,265,0.19,6.74
8/14/2024,3:16:33 PM,25.859,77.1,6.26,407.9,265,0.19,6.74
8/14/2024,3:16:43 PM,25.837,76.9,6.25,407.8,265,0.19,6.74
8/14/2024,3:16:53 PM,25.861,76.9,6.25,407.7,265,0.19,6.74
8/14/2024,3:17:03 PM,25.866,76.8,6.24,408,265,0.19,6.74
8/14/2024,3:17:13 PM,25.923,77,6.25,407.7,265,0.19,6.74
8/14/2024,3:17:23 PM,25.885,77,6.25,407.5,265,0.19,6.74
8/14/2024,3:17:33 PM,25.855,76.9,6.25,407.4,265,0.19,6.74
8/14/2024,3:17:43 PM,25.865,76.9,6.25,407.2,265,0.19,6.74
8/14/2024,3:17:53 PM,25.852,77.2,6.28,406.6,264,0.19,6.74
8/14/2024,3:18:03 PM,25.812,77.5,6.3,406.6,264,0.19,6.74
8/14/2024,3:18:13 PM,25.672,76.5,6.24,406.7,264,0.19,6.75
8/14/2024,3:18:23 PM,25.564,75.5,6.17,406.5,264,0.19,6.75
8/14/2024,3:18:33 PM,25.541,74.9,6.12,406,264,0.19,6.75
8/14/2024,3:18:43 PM,25.61,74.8,6.11,406.2,264,0.19,6.75
8/14/2024,3:18:53 PM,25.685,75.1,6.13,406.4,264,0.19,6.75
8/14/2024,3:19:03 PM,25.765,75.5,6.14,406.7,264,0.19,6.75
8/14/2024,3:19:13 PM,25.844,75.9,6.17,406.8,264,0.19,6.75
8/14/2024,3:19:23 PM,25.862,76.3,6.2,406.6,264,0.19,6.75
8/14/2024,3:19:33 PM,25.796,76.5,6.22,406.4,264,0.19,6.75
8/14/2024,3:19:43 PM,25.685,76.4,6.23,405.9,264,0.19,6.76
8/14/2024,3:19:53 PM,25.583,75.9,6.2,405.5,264,0.19,6.76
8/14/2024,3:20:03 PM,25.602,75.7,6.18,405.8,264,0.19,6.75
8/14/2024,3:20:13 PM,25.616,75.5,6.17,405.6,264,0.19,6.75
8/14/2024,3:20:23 PM,25.527,75.3,6.16,405.4,264,0.19,6.75
8/14/2024,3:20:33 PM,25.339,74.4,6.1,405.5,264,0.19,6.75
8/14/2024,3:20:43 PM,25.482,74.9,6.13,405.3,263,0.19,6.75
8/14/2024,3:20:53 PM,25.547,75.9,6.21,405.2,263,0.19,6.75
8/14/2024,3:21:03 PM,25.518,75.9,6.21,405.2,263,0.19,6.75
8/14/2024,3:21:13 PM,25.458,75.7,6.19,405.1,263,0.19,6.75
8/14/2024,3:21:23 PM,25.437,75.4,6.17,405.2,263,0.19,6.75
8/14/2024,3:21:33 PM,25.622,76.4,6.24,404.3,263,0.19,6.75
8/14/2024,3:21:43 PM,25.707,77.8,6.34,404.1,263,0.19,6.75
8/14/2024,3:21:53 PM,25.596,77.3,6.31,404.5,263,0.19,6.75
8/14/2024,3:22:03 PM,25.653,77.3,6.3,404.6,263,0.19,6.75
8/14/2024,3:22:13 PM,25.625,77.2,6.3,404.7,263,0.19,6.75
8/14/2024,3:22:23 PM,25.678,77.1,6.29,404.3,263,0.19,6.75
8/14/2024,3:22:33 PM,25.744,77.6,6.32,404.3,263,0.19,6.75
8/14/2024,3:22:43 PM,25.744,77.7,6.33,404.5,263,0.19,6.75
8/14/2024,3:22:53 PM,25.75,77.6,6.32,404.4,263,0.19,6.75
8/14/2024,3:23:03 PM,25.786,77.5,6.31,404.4,263,0.19,6.75
8/14/2024,3:23:13 PM,25.82,77.7,6.32,404.3,263,0.19,6.75
8/14/2024,3:23:23 PM,25.795,77.8,6.33,404.1,263,0.19,6.75
8/14/2024,3:23:33 PM,25.791,78,6.35,404,263,0.19,6.76
8/14/2024,3:23:43 PM,25.792,78.1,6.35,403.9,263,0.19,6.76
8/14/2024,3:23:53 PM,25.781,78,6.35,403.9,263,0.19,6.76
8/14/2024,3:24:03 PM,25.734,78,6.35,403.8,262,0.19,6.76
8/14/2024,3:24:13 PM,25.781,78.2,6.36,403.7,262,0.19,6.76
8/14/2024,3:24:23 PM,25.784,78.3,6.37,403.6,262,0.19,6.75
8/14/2024,3:24:33 PM,25.767,78.5,6.39,403.5,262,0.19,6.76
8/14/2024,3:24:43 PM,25.866,79,6.42,403.5,262,0.19,6.76
8/14/2024,3:24:53 PM,25.85,79.6,6.46,402.9,262,0.19,6.76
8/14/2024,3:25:03 PM,25.642,78.9,6.44,402.4,262,0.19,6.76
8/14/2024,3:25:13 PM,25.625,78.4,6.4,402.5,262,0.19,6.76
8/14/2024,3:25:23 PM,25.609,78.2,6.39,402.4,262,0.19,6.75
8/14/2024,3:25:33 PM,25.582,78.2,6.39,402.1,261,0.19,6.75
8/14/2024,3:25:43 PM,25.579,78.1,6.38,402.2,261,0.19,6.75
8/14/2024,3:25:53 PM,25.683,78.5,6.4,402.3,261,0.19,6.75
8/14/2024,3:26:03 PM,25.716,78.6,6.41,402.3,262,0.19,6.75
8/14/2024,3:26:13 PM,25.705,78.7,6.41,402.3,262,0.19,6.75
8/14/2024,3:26:23 PM,25.751,79.2,6.45,402.2,261,0.19,6.75
8/14/2024,3:26:33 PM,25.977,80.2,6.51,402.1,261,0.19,6.76
8/14/2024,3:26:43 PM,26.268,82.9,6.68,401.8,261,0.19,6.76
8/14/2024,3:26:53 PM,26.225,83.4,6.73,401.8,261,0.19,6.76
8/14/2024,3:27:03 PM,26.155,83.1,6.72,401.8,261,0.19,6.77
8/14/2024,3:27:13 PM,26.085,82.6,6.68,401.9,261,0.19,6.77
8/14/2024,3:27:23 PM,25.902,81.4,6.61,401.6,261,0.19,6.77
8/14/2024,3:27:33 PM,25.875,81,6.58,401.2,261,0.19,6.77
8/14/2024,3:27:43 PM,26.097,82.8,6.7,400.3,260,0.19,6.77
8/14/2024,3:27:53 PM,26.105,83.5,6.75,400.6,260,0.19,6.77
8/14/2024,3:28:03 PM,26.26,83.8,6.77,400.5,260,0.19,6.77
8/14/2024,3:28:13 PM,26.301,84,6.77,401.2,261,0.19,6.77
8/14/2024,3:28:23 PM,26.265,83.7,6.75,401.3,261,0.19,6.77
8/14/2024,3:28:33 PM,26.232,83.4,6.73,401.4,261,0.19,6.77
8/14/2024,3:28:43 PM,26.418,84.1,6.76,401.4,261,0.19,6.78
8/14/2024,3:28:53 PM,26.483,84.5,6.79,400.5,260,0.19,6.78
8/14/2024,3:29:03 PM,26.322,84,6.77,397.7,259,0.19,6.78
8/14/2024,3:29:13 PM,26.137,83,6.71,399.3,260,0.19,6.78
8/14/2024,3:29:23 PM,26.268,83.3,6.72,400.2,260,0.19,6.78
8/14/2024,3:29:33 PM,26.355,84.1,6.77,400.3,260,0.19,6.78
8/14/2024,3:29:43 PM,26.366,84.3,6.79,399.2,259,0.19,6.78
8/14/2024,3:29:53 PM,26.36,84.2,6.78,398.4,259,0.19,6.78
8/14/2024,3:30:03 PM,26.38,84,6.76,398.5,259,0.19,6.78
8/14/2024,3:30:13 PM,26.397,84,6.76,398.7,259,0.19,6.78
8/14/2024,3:30:23 PM,26.48,84.4,6.78,398.8,259,0.19,6.78
8/14/2024,3:30:33 PM,26.403,84.2,6.78,398.4,259,0.19,6.78
8/14/2024,3:30:43 PM,26.361,84.1,6.77,398.3,259,0.19,6.79
8/14/2024,3:30:53 PM,26.304,83.6,6.74,399.2,259,0.19,6.79
8/14/2024,3:31:03 PM,26.314,83.4,6.72,399.4,260,0.19,6.79
8/14/2024,3:31:13 PM,26.392,83.6,6.73,399.3,260,0.19,6.78
8/14/2024,3:31:23 PM,26.431,83.8,6.74,399.5,260,0.19,6.78
8/14/2024,3:31:33 PM,26.458,83.9,6.75,399.8,260,0.19,6.78
8/14/2024,3:31:43 PM,26.53,84.3,6.77,399.9,260,0.19,6.78
8/14/2024,3:31:53 PM,26.508,84.4,6.78,399.7,260,0.19,6.79
8/14/2024,3:32:03 PM,26.432,84.2,6.77,399.5,260,0.19,6.79
8/14/2024,3:32:13 PM,26.41,83.9,6.75,399.5,260,0.19,6.79
8/14/2024,3:32:23 PM,26.416,83.7,6.73,399.2,260,0.19,6.79
8/14/2024,3:32:33 PM,26.519,83.9,6.74,398.9,259,0.19,6.79
8/14/2024,3:32:43 PM,26.499,83.8,6.73,398.7,259,0.19,6.79
8/14/2024,3:32:53 PM,26.22,82.6,6.66,398.3,259,0.19,6.79
8/14/2024,3:33:03 PM,26.016,81.2,6.58,398.2,259,0.19,6.79
8/14/2024,3:33:13 PM,25.864,80,6.5,398.1,259,0.19,6.78
8/14/2024,3:33:23 PM,25.781,79.1,6.43,398.1,259,0.19,6.77
8/14/2024,3:33:33 PM,25.744,78.6,6.41,397.9,259,0.19,6.77
8/14/2024,3:33:43 PM,25.967,79.2,6.43,398.2,259,0.19,6.76
8/14/2024,3:33:53 PM,25.978,79.3,6.43,398.2,259,0.19,6.76
8/14/2024,3:34:03 PM,25.964,79.4,6.44,398.1,259,0.19,6.76
8/14/2024,3:34:13 PM,26.016,79.9,6.48,398.1,259,0.19,6.76
8/14/2024,3:34:23 PM,26.073,80.3,6.5,398.2,259,0.19,6.76
8/14/2024,3:34:33 PM,26.002,79.9,6.48,398,259,0.19,6.76
8/14/2024,3:34:43 PM,25.889,79.3,6.44,397.6,258,0.19,6.76
8/14/2024,3:34:53 PM,25.902,79.1,6.42,397.8,259,0.19,6.76
8/14/2024,3:35:03 PM,25.987,79.3,6.43,397.9,259,0.19,6.76
8/14/2024,3:35:13 PM,25.994,79.3,6.43,398,259,0.19,6.76
8/14/2024,3:35:23 PM,25.94,79.2,6.42,397.6,258,0.19,6.76
8/14/2024,3:35:33 PM,25.889,78.8,6.4,397.1,258,0.19,6.76
8/14/2024,3:35:43 PM,26.006,79.1,6.41,397.2,258,0.19,6.75
8/14/2024,3:35:53 PM,26.229,80.2,6.48,396.8,258,0.19,6.76
8/14/2024,3:36:03 PM,26.313,80.8,6.51,397,258,0.19,6.76
8/14/2024,3:36:13 PM,26.461,81.6,6.56,397.1,258,0.19,6.76
8/14/2024,3:36:23 PM,26.55,82.3,6.61,397.2,258,0.19,6.77
8/14/2024,3:36:33 PM,26.542,82.6,6.63,397,258,0.19,6.77
8/14/2024,3:36:43 PM,26.422,81.8,6.58,397.2,258,0.19,6.77
8/14/2024,3:36:53 PM,26.408,81.6,6.56,397.2,258,0.19,6.77
8/14/2024,3:37:03 PM,26.473,81.7,6.57,397.4,258,0.19,6.77
8/14/2024,3:37:13 PM,26.539,82,6.58,397.5,258,0.19,6.77
8/14/2024,3:37:23 PM,26.687,82.7,6.62,397.5,258,0.19,6.77
8/14/2024,3:37:33 PM,26.849,83.2,6.64,397.6,258,0.19,6.77
8/14/2024,3:37:43 PM,26.857,84.5,6.74,396.8,258,0.19,6.78
8/14/2024,3:37:53 PM,26.562,82.9,6.65,397.3,258,0.19,6.78
8/14/2024,3:38:03 PM,26.611,82.2,6.59,397.1,258,0.19,6.78
8/14/2024,3:38:13 PM,26.444,81.5,6.55,396.8,258,0.19,6.78
8/14/2024,3:38:23 PM,26.361,81.2,6.53,396.8,258,0.19,6.77
8/14/2024,3:38:33 PM,26.234,80.5,6.5,396.8,258,0.19,6.77
8/14/2024,3:38:43 PM,26.071,79.5,6.43,396.7,258,0.19,6.77
8/14/2024,3:38:53 PM,26.105,79.2,6.41,396.6,258,0.19,6.76
8/14/2024,3:39:03 PM,26.317,79.8,6.43,396.5,258,0.19,6.76
8/14/2024,3:39:13 PM,26.307,79.7,6.42,396,257,0.19,6.76
8/14/2024,3:39:23 PM,26.285,79.3,6.4,396.6,258,0.19,6.76
8/14/2024,3:39:33 PM,26.315,79.4,6.4,396.7,258,0.19,6.76
8/14/2024,3:39:43 PM,26.205,79.2,6.4,396.4,258,0.19,6.76
8/14/2024,3:39:53 PM,26.333,80.2,6.46,395.1,257,0.19,6.76
8/14/2024,3:40:03 PM,26.383,81.5,6.56,394,256,0.19,6.77
8/14/2024,3:40:13 PM,26.964,89.7,7.15,389.7,253,0.19,6.79
8/14/2024,3:40:23 PM,26.561,83.5,6.7,393,255,0.19,6.8
8/14/2024,3:40:33 PM,26.106,82,6.63,394.8,257,0.19,6.8
8/14/2024,3:40:43 PM,27.489,85.8,6.79,384.6,250,0.18,6.79
8/14/2024,3:40:53 PM,27.971,100.6,7.88,383.7,249,0.18,6.8
8/14/2024,3:41:03 PM,27.951,102.6,8.03,382.9,249,0.18,6.85
8/14/2024,3:41:13 PM,27.743,103.9,8.16,382.1,248,0.18,6.9
8/14/2024,3:41:23 PM,27.52,105.3,8.3,381.5,248,0.18,6.93
8/14/2024,3:41:33 PM,27.419,107,8.45,381.8,248,0.18,6.94
8/14/2024,3:41:43 PM,27.424,109.2,8.63,381.7,248,0.18,6.96
8/14/2024,3:41:53 PM,27.467,111.2,8.78,381.6,248,0.18,6.97
8/14/2024,3:42:03 PM,27.445,112.5,8.88,381.6,248,0.18,6.98
8/14/2024,3:42:13 PM,27.342,112.2,8.88,381.5,248,0.18,6.99
8/14/2024,3:42:23 PM,27.33,111.5,8.82,381.2,248,0.18,6.99
8/14/2024,3:42:33 PM,27.376,112,8.86,380.6,247,0.18,6.99
8/14/2024,3:42:43 PM,27.403,113.1,8.94,380.3,247,0.18,7
8/14/2024,3:42:53 PM,27.401,113.9,9,379.8,247,0.18,7.01
8/14/2024,3:43:03 PM,27.459,114.7,9.06,379.6,247,0.18,7.01
8/14/2024,3:43:13 PM,27.527,116.5,9.19,379.2,246,0.18,7.02
8/14/2024,3:43:23 PM,27.794,125.4,9.84,378.5,246,0.18,7.04
8/14/2024,3:43:33 PM,28.274,119.5,9.3,376.8,245,0.18,7.07
8/14/2024,3:43:43 PM,28.126,115.9,9.04,375.3,244,0.18,7.08
8/14/2024,3:43:53 PM,27.926,114.6,8.97,375.4,244,0.18,7.07
8/14/2024,3:44:03 PM,27.885,115.1,9.02,374.8,244,0.18,7.07
8/14/2024,3:44:13 PM,27.859,115.5,9.06,375.6,244,0.18,7.07
8/14/2024,3:44:23 PM,27.822,115.4,9.05,376.4,245,0.18,7.07
8/14/2024,3:44:33 PM,27.811,115.5,9.06,376.6,245,0.18,7.07
8/14/2024,3:44:43 PM,27.753,115.7,9.09,376.6,245,0.18,7.07
8/14/2024,3:44:53 PM,27.636,116.1,9.14,377,245,0.18,7.07
8/14/2024,3:45:03 PM,27.549,116.3,9.17,377.4,245,0.18,7.07
8/14/2024,3:45:13 PM,27.542,116.2,9.16,377.6,245,0.18,7.06
8/14/2024,3:45:23 PM,27.577,115.2,9.08,376.7,245,0.18,7.06
8/14/2024,3:45:33 PM,27.697,114.2,8.98,376.2,245,0.18,7.05
8/14/2024,3:45:43 PM,27.762,113.8,8.94,376.4,245,0.18,7.05
8/14/2024,3:45:53 PM,27.809,113.8,8.93,376.4,245,0.18,7.05
8/14/2024,3:46:03 PM,24.914,105.9,8.74,395.5,257,0.19,7.05
8/14/2024,3:46:13 PM,26.67,100.9,8.33,367.7,239,0.17,7.04
8/14/2024,3:46:23 PM,27.83,107.2,8.41,371.7,242,0.18,7.01
8/14/2024,3:46:33 PM,27.963,111.2,8.7,375.4,244,0.18,7
8/14/2024,3:46:43 PM,28.069,113.3,8.85,374.6,243,0.18,7.02
8/14/2024,3:46:53 PM,28.057,114,8.91,374.7,244,0.18,7.03
8/14/2024,3:47:03 PM,27.985,114.2,8.94,375.1,244,0.18,7.04
8/14/2024,3:47:13 PM,27.948,114.1,8.93,375.1,244,0.18,7.04
8/14/2024,3:47:23 PM,27.818,114,8.94,375.3,244,0.18,7.04
8/14/2024,3:47:33 PM,27.734,114,8.96,375.8,244,0.18,7.04
8/14/2024,3:47:43 PM,27.737,114.2,8.97,376,244,0.18,7.04
8/14/2024,3:47:53 PM,27.827,114.8,9.01,376.3,245,0.18,7.04
8/14/2024,3:48:03 PM,27.86,115.9,9.09,377,245,0.18,7.04
8/14/2024,3:48:13 PM,27.629,115.3,9.07,377,245,0.18,7.05
8/14/2024,3:48:23 PM,27.354,114,9.01,376.8,245,0.18,7.05
8/14/2024,3:48:33 PM,27.325,113.4,8.98,377.1,245,0.18,7.04
8/14/2024,3:48:43 PM,27.229,112.8,8.94,376.6,245,0.18,7.03
8/14/2024,3:48:53 PM,27.07,112.1,8.91,377.3,245,0.18,7.03
8/14/2024,3:49:03 PM,26.927,110.9,8.84,376.9,245,0.18,7.02
8/14/2024,3:49:13 PM,27.04,110.9,8.82,375.7,244,0.18,7.02
8/14/2024,3:49:23 PM,27.108,111.1,8.83,375.5,244,0.18,7.02
8/14/2024,3:49:33 PM,27.152,111.2,8.83,375.8,244,0.18,7.02
8/14/2024,3:49:43 PM,27.126,111,8.82,375.8,244,0.18,7.02
8/14/2024,3:49:53 PM,27.111,110.9,8.81,375.7,244,0.18,7.02
8/14/2024,3:50:03 PM,27.065,110.7,8.8,375.5,244,0.18,7.02
8/14/2024,3:50:13 PM,27.055,110.7,8.8,375.3,244,0.18,7.02
8/14/2024,3:50:23 PM,27.143,110.9,8.8,375.2,244,0.18,7.02
8/14/2024,3:50:33 PM,27.239,111,8.8,374.9,244,0.18,7.02
8/14/2024,3:50:43 PM,27.256,111.2,8.82,375.1,244,0.18,7.02
8/14/2024,3:50:53 PM,27.254,111.7,8.85,375.3,244,0.18,7.02
8/14/2024,3:51:03 PM,27.298,111.9,8.86,375.4,244,0.18,7.02
8/14/2024,3:51:13 PM,27.35,112,8.86,375.5,244,0.18,7.03
8/14/2024,3:51:23 PM,27.356,112.1,8.87,375.6,244,0.18,7.03
8/14/2024,3:51:33 PM,27.366,112.3,8.88,375.8,244,0.18,7.03
8/14/2024,3:51:43 PM,27.438,112.7,8.9,375.9,244,0.18,7.04
8/14/2024,3:51:53 PM,27.466,112.8,8.9,375.8,244,0.18,7.04
8/14/2024,3:52:03 PM,27.387,112.7,8.91,375.5,244,0.18,7.04
8/14/2024,3:52:13 PM,27.398,113,8.93,375.6,244,0.18,7.04
8/14/2024,3:52:23 PM,27.401,113.8,9,375.8,244,0.18,7.04
8/14/2024,3:52:33 PM,27.332,114,9.02,376.2,245,0.18,7.04
8/14/2024,3:52:43 PM,27.387,114.7,9.07,376.1,244,0.18,7.04
8/14/2024,3:52:53 PM,27.418,115.1,9.1,376.1,244,0.18,7.05
8/14/2024,3:53:03 PM,27.41,114.9,9.08,376,244,0.18,7.05
8/14/2024,3:53:13 PM,27.417,114.8,9.07,376,244,0.18,7.05
8/14/2024,3:53:23 PM,27.321,113.8,9.01,375.9,244,0.18,7.05
8/14/2024,3:53:33 PM,27.235,113.2,8.97,375.8,244,0.18,7.05
8/14/2024,3:53:43 PM,27.189,112.9,8.95,375.8,244,0.18,7.05
8/14/2024,3:53:53 PM,27.105,112.7,8.96,375.6,244,0.18,7.05
8/14/2024,3:54:03 PM,26.953,112.5,8.96,375.4,244,0.18,7.04
8/14/2024,3:54:13 PM,26.787,111.4,8.9,375.1,244,0.18,7.04
8/14/2024,3:54:23 PM,26.719,110.8,8.87,374.9,244,0.18,7.03
8/14/2024,3:54:33 PM,26.65,111.1,8.9,374.8,244,0.18,7.02
8/14/2024,3:54:43 PM,26.584,110.6,8.87,374.7,244,0.18,7.02
8/14/2024,3:54:53 PM,26.546,109.6,8.8,374.8,244,0.18,7.01
8/14/2024,3:55:03 PM,26.438,108.4,8.71,374.7,244,0.18,7.01
8/14/2024,3:55:13 PM,26.321,107,8.63,374.3,243,0.18,7
8/14/2024,3:55:23 PM,26.147,105.2,8.5,374.1,243,0.18,6.98
8/14/2024,3:55:33 PM,26.296,106,8.55,374.3,243,0.18,6.98
8/14/2024,3:55:43 PM,26.672,107.5,8.61,374.8,244,0.18,6.97
8/14/2024,3:55:53 PM,26.898,108.6,8.66,375.2,244,0.18,6.97
8/14/2024,3:56:03 PM,26.844,109.2,8.71,375.1,244,0.18,6.98
8/14/2024,3:56:13 PM,26.51,107.5,8.63,374.6,244,0.18,6.99
8/14/2024,3:56:23 PM,26.504,106.8,8.58,374.6,243,0.18,6.98
8/14/2024,3:56:33 PM,26.66,107.4,8.6,375.2,244,0.18,6.98
8/14/2024,3:56:43 PM,26.904,108.4,8.65,375.6,244,0.18,6.98
8/14/2024,3:56:53 PM,27.249,109.8,8.71,376,244,0.18,6.98
8/14/2024,3:57:03 PM,27.246,110.2,8.73,376,244,0.18,6.99
8/14/2024,3:57:13 PM,27.388,110.7,8.75,376,244,0.18,6.99
8/14/2024,3:57:23 PM,27.386,110.3,8.72,375.9,244,0.18,7
8/14/2024,3:57:33 PM,27.242,110.1,8.73,375.7,244,0.18,7
8/14/2024,3:57:43 PM,27.185,109.4,8.68,375.5,244,0.18,7
8/14/2024,3:57:53 PM,27.4,110.1,8.7,376,244,0.18,6.99
8/14/2024,3:58:03 PM,27.163,109.7,8.71,375.6,244,0.18,6.99
8/14/2024,3:58:13 PM,27.149,109.6,8.71,375.2,244,0.18,6.99
8/14/2024,3:58:23 PM,27.556,111.1,8.76,375.8,244,0.18,6.99
8/14/2024,3:58:33 PM,27.929,112.9,8.84,376.2,245,0.18,6.99
8/14/2024,3:58:43 PM,27.908,113.5,8.89,376.3,245,0.18,7.01
8/14/2024,3:58:53 PM,27.781,113.6,8.92,376.2,245,0.18,7.02
8/14/2024,3:59:03 PM,27.452,113,8.92,375.9,244,0.18,7.03
8/14/2024,3:59:13 PM,27.377,112.6,8.9,375.6,244,0.18,7.02
8/14/2024,3:59:23 PM,27.182,111.8,8.87,375.5,244,0.18,7.02
8/14/2024,3:59:33 PM,26.896,110.9,8.84,375.4,244,0.18,7.01
8/14/2024,3:59:43 PM,26.849,110.3,8.81,375.2,244,0.18,7.01
8/14/2024,3:59:53 PM,26.966,110.4,8.79,375.4,244,0.18,7
8/14/2024,4:00:03 PM,27.034,110.6,8.8,375.4,244,0.18,7
8/14/2024,4:00:13 PM,26.977,110.2,8.78,375.1,244,0.18,7
8/14/2024,4:00:23 PM,26.967,110,8.76,375.1,244,0.18,7
8/14/2024,4:00:33 PM,26.989,109.8,8.75,375,244,0.18,6.99
8/14/2024,4:00:43 PM,26.982,110,8.76,375.1,244,0.18,6.99
8/14/2024,4:00:53 PM,27.064,110.6,8.79,375.1,244,0.18,6.99
8/14/2024,4:01:03 PM,27.006,110.4,8.79,374.9,244,0.18,6.99
8/14/2024,4:01:13 PM,27.021,110.7,8.81,375,244,0.18,6.99
8/14/2024,4:01:23 PM,26.956,110.5,8.8,374.9,244,0.18,6.99
8/14/2024,4:01:33 PM,26.812,109.7,8.76,374.7,244,0.18,6.99
8/14/2024,4:01:43 PM,26.754,109.1,8.72,374.5,243,0.18,6.99
8/14/2024,4:01:53 PM,26.711,108.6,8.69,374.7,244,0.18,6.98
8/14/2024,4:02:03 PM,26.839,109.2,8.72,374.8,244,0.18,6.98
8/14/2024,4:02:13 PM,26.86,108.8,8.69,374.7,244,0.18,6.98
8/14/2024,4:02:23 PM,26.733,102.2,8.17,374.2,243,0.18,6.98
8/14/2024,4:02:33 PM,26.535,101.4,8.14,373.9,243,0.18,6.97
8/14/2024,4:02:43 PM,26.678,103,8.25,374.3,243,0.18,6.95
8/14/2024,4:02:53 PM,26.617,103.9,8.33,374.2,243,0.18,6.95
8/14/2024,4:03:03 PM,26.496,103.8,8.34,373.9,243,0.18,6.95
8/14/2024,4:03:13 PM,26.509,103.1,8.28,374,243,0.18,6.94
8/14/2024,4:03:23 PM,26.715,104.2,8.34,374.3,243,0.18,6.94
8/14/2024,4:03:33 PM,26.682,104.3,8.35,374.1,243,0.18,6.94
8/14/2024,4:03:43 PM,26.698,104.4,8.35,374,243,0.18,6.94
8/14/2024,4:03:53 PM,26.564,103.5,8.31,373.9,243,0.18,6.94
8/14/2024,4:04:03 PM,26.58,103.3,8.29,373.9,243,0.18,6.94
8/14/2024,4:04:13 PM,26.523,102.1,8.2,373.5,243,0.18,6.93
8/14/2024,4:04:23 PM,26.483,100.9,8.11,373.1,243,0.18,6.92
8/14/2024,4:04:33 PM,26.418,100.3,8.07,372.8,242,0.18,6.92
8/14/2024,4:04:43 PM,26.46,100.1,8.05,373.4,243,0.18,6.91
8/14/2024,4:04:53 PM,26.281,98.9,7.97,373.4,243,0.18,6.91
8/14/2024,4:05:03 PM,25.897,92.1,7.48,372.9,242,0.18,6.9
8/14/2024,4:05:13 PM,25.412,88.3,7.24,372.1,242,0.18,6.88
8/14/2024,4:05:23 PM,25.733,89.1,7.26,372.6,242,0.18,6.86
8/14/2024,4:05:33 PM,25.908,90.5,7.35,372.7,242,0.18,6.85
8/14/2024,4:05:43 PM,26.043,91.6,7.42,373,242,0.18,6.85
8/14/2024,4:05:53 PM,26.013,91.2,7.39,372.9,242,0.18,6.85
8/14/2024,4:06:03 PM,25.957,90.7,7.35,372.9,242,0.18,6.85
8/14/2024,4:06:13 PM,25.933,90.3,7.33,372.9,242,0.18,6.84
8/14/2024,4:06:23 PM,25.918,89.9,7.3,372.9,242,0.18,6.84
8/14/2024,4:06:33 PM,26.009,90.4,7.33,373,242,0.18,6.84
8/14/2024,4:06:43 PM,26.02,90.6,7.34,373,242,0.18,6.84
8/14/2024,4:06:53 PM,25.953,90.3,7.33,372.2,242,0.18,6.84
8/14/2024,4:07:03 PM,25.907,89.8,7.29,371.9,242,0.18,6.83
8/14/2024,4:07:13 PM,25.908,89.4,7.26,372.1,242,0.18,6.83
8/14/2024,4:07:23 PM,25.617,84,6.86,372.1,242,0.18,6.83
8/14/2024,4:07:33 PM,25.029,81.6,6.73,372.3,242,0.18,6.82
8/14/2024,4:07:43 PM,25.278,84.8,6.97,372.3,242,0.18,6.8
8/14/2024,4:07:53 PM,25.725,85.4,6.95,374.3,243,0.18,6.79
8/14/2024,4:08:03 PM,25.563,85.3,6.97,375.5,244,0.18,6.8
8/14/2024,4:08:13 PM,25.429,84.4,6.91,374.4,243,0.18,6.8
8/14/2024,4:08:23 PM,25.334,82.9,6.8,373.9,243,0.18,6.79
8/14/2024,4:08:33 PM,25.429,82.9,6.79,374,243,0.18,6.79
8/14/2024,4:08:43 PM,25.35,82.5,6.76,373.6,243,0.18,6.78
8/14/2024,4:08:53 PM,25.354,82,6.73,373.5,243,0.18,6.78
8/14/2024,4:09:03 PM,25.381,82,6.72,373.7,243,0.18,6.78
8/14/2024,4:09:13 PM,25.386,81.9,6.71,373.7,243,0.18,6.77
8/14/2024,4:09:23 PM,25.402,81.8,6.7,373.8,243,0.18,6.77
8/14/2024,4:09:33 PM,25.409,81.5,6.68,373.6,243,0.18,6.77
8/14/2024,4:09:43 PM,25.47,81.8,6.69,373.5,243,0.18,6.77
8/14/2024,4:09:53 PM,25.498,81.8,6.69,373.5,243,0.18,6.77
8/14/2024,4:10:03 PM,25.441,81.5,6.67,373.6,243,0.18,6.77
8/14/2024,4:10:13 PM,25.44,81.5,6.67,373.4,243,0.18,6.77
8/14/2024,4:10:23 PM,25.462,81.9,6.7,373.4,243,0.18,6.77
8/14/2024,4:10:33 PM,25.44,81.7,6.69,373.3,243,0.18,6.77
8/14/2024,4:10:43 PM,25.48,81.5,6.67,373.5,243,0.18,6.77
8/14/2024,4:10:53 PM,25.519,81.8,6.69,373.5,243,0.18,6.77
8/14/2024,4:11:03 PM,25.5,81.8,6.69,373.4,243,0.18,6.77
8/14/2024,4:11:13 PM,25.734,83.4,6.8,373.3,243,0.18,6.77
8/14/2024,4:11:23 PM,25.645,83.5,6.81,373.4,243,0.18,6.77
8/14/2024,4:11:33 PM,25.561,81.8,6.69,373.2,243,0.18,6.77
8/14/2024,4:11:43 PM,25.556,81.4,6.65,373.3,243,0.18,6.76
8/14/2024,4:11:53 PM,25.532,80.8,6.6,373.3,243,0.18,6.76
8/14/2024,4:12:03 PM,25.504,80.3,6.57,373.2,243,0.18,6.76
8/14/2024,4:12:13 PM,25.548,80.2,6.56,373.4,243,0.18,6.76
8/14/2024,4:12:23 PM,25.6,80.4,6.57,373.4,243,0.18,6.76
8/14/2024,4:12:33 PM,25.553,80.2,6.55,373.3,243,0.18,6.76
8/14/2024,4:12:43 PM,25.512,79.6,6.51,373.3,243,0.18,6.75
8/14/2024,4:12:53 PM,25.546,79.9,6.53,373.4,243,0.18,6.75
8/14/2024,4:13:03 PM,25.527,79.7,6.52,373.4,243,0.18,6.75
8/14/2024,4:13:13 PM,25.522,79.2,6.48,373.3,243,0.18,6.75
8/14/2024,4:13:23 PM,25.532,79.2,6.47,373.3,243,0.18,6.75
8/14/2024,4:13:33 PM,25.496,78.9,6.46,373.2,243,0.18,6.75
8/14/2024,4:13:43 PM,25.481,78.2,6.4,373.2,243,0.18,6.75
8/14/2024,4:13:53 PM,25.484,77.9,6.38,373.2,243,0.18,6.74
8/14/2024,4:14:03 PM,25.531,78.2,6.39,373.3,243,0.18,6.74
8/14/2024,4:14:13 PM,25.591,78.9,6.44,373.5,243,0.18,6.74
8/14/2024,4:14:23 PM,25.613,79,6.45,373.5,243,0.18,6.75
8/14/2024,4:14:33 PM,25.612,79,6.45,373.5,243,0.18,6.75
8/14/2024,4:14:43 PM,25.529,78.5,6.42,373.6,243,0.18,6.75
8/14/2024,4:14:53 PM,25.468,77.6,6.36,373.8,243,0.18,6.74
8/14/2024,4:15:03 PM,25.467,77.2,6.32,373.8,243,0.18,6.74
8/14/2024,4:15:13 PM,25.459,77,6.3,373.9,243,0.18,6.75
8/14/2024,4:15:23 PM,25.469,76.8,6.29,373.8,243,0.18,6.75
8/14/2024,4:15:33 PM,25.497,77,6.3,373.6,243,0.18,6.75
8/14/2024,4:15:43 PM,25.557,77.6,6.35,373.4,243,0.18,6.75
8/14/2024,4:15:53 PM,25.576,78,6.37,373.2,243,0.18,6.74
8/14/2024,4:16:03 PM,25.574,78,6.37,373.2,243,0.18,6.74
8/14/2024,4:16:13 PM,25.555,77.9,6.37,373.2,243,0.18,6.74
8/14/2024,4:16:23 PM,25.563,78.2,6.39,373.2,243,0.18,6.74
8/14/2024,4:16:33 PM,25.566,78.3,6.39,373.4,243,0.18,6.74
8/14/2024,4:16:43 PM,25.543,77.9,6.37,373.3,243,0.18,6.74
8/14/2024,4:16:53 PM,25.556,78.2,6.39,373.3,243,0.18,6.74
8/14/2024,4:17:03 PM,25.565,78.4,6.41,373,242,0.18,6.74
8/14/2024,4:17:13 PM,25.562,78.4,6.41,372.9,242,0.18,6.74
8/14/2024,4:17:23 PM,25.582,78.4,6.41,372.6,242,0.18,6.74
8/14/2024,4:17:33 PM,25.567,78.2,6.39,373.1,243,0.18,6.74
8/14/2024,4:17:43 PM,25.538,77.8,6.36,373.2,243,0.18,6.74
8/14/2024,4:17:53 PM,25.531,77.7,6.35,373.2,243,0.18,6.74
8/14/2024,4:18:03 PM,25.54,77.7,6.35,373.2,243,0.18,6.74
8/14/2024,4:18:13 PM,25.547,77.6,6.35,373.2,243,0.18,6.74
8/14/2024,4:18:23 PM,25.557,77.7,6.35,373.2,243,0.18,6.73
8/14/2024,4:18:33 PM,25.58,77.9,6.36,373.1,243,0.18,6.73
8/14/2024,4:18:43 PM,25.588,78,6.37,373.3,243,0.18,6.73
8/14/2024,4:18:53 PM,25.574,77.9,6.37,373.5,243,0.18,6.73
8/14/2024,4:19:03 PM,25.604,78,6.37,373.2,243,0.18,6.73
8/14/2024,4:19:13 PM,25.625,78.2,6.38,373.2,243,0.18,6.74
8/14/2024,4:19:23 PM,25.767,79,6.43,373.2,243,0.18,6.74
8/14/2024,4:19:33 PM,25.999,81.9,6.64,373.3,243,0.18,6.74
8/14/2024,4:19:43 PM,25.846,81.4,6.62,373.3,243,0.18,6.75
8/14/2024,4:19:53 PM,25.78,80.4,6.54,373.2,243,0.18,6.75
8/14/2024,4:20:03 PM,25.832,80.7,6.56,373.3,243,0.18,6.75
8/14/2024,4:20:13 PM,25.836,81.3,6.61,373.2,243,0.18,6.75
8/14/2024,4:20:23 PM,25.854,81.4,6.62,373.2,243,0.18,6.75
8/14/2024,4:20:33 PM,25.883,81.5,6.62,373.3,243,0.18,6.75
8/14/2024,4:20:43 PM,25.839,81.1,6.6,373.2,243,0.18,6.75
8/14/2024,4:20:53 PM,25.725,80.5,6.56,373.2,243,0.18,6.75
8/14/2024,4:21:03 PM,25.581,79.2,6.47,373,242,0.18,6.75
8/14/2024,4:21:13 PM,25.511,78.4,6.41,372.9,242,0.18,6.75
8/14/2024,4:21:23 PM,25.506,77.9,6.37,372.9,242,0.18,6.74
8/14/2024,4:21:33 PM,25.493,77.7,6.35,372.9,242,0.18,6.74
8/14/2024,4:21:43 PM,25.493,77.5,6.34,372.9,242,0.18,6.74
8/14/2024,4:21:53 PM,25.49,77.5,6.34,372.9,242,0.18,6.73
8/14/2024,4:22:03 PM,25.478,77.5,6.34,373,242,0.18,6.73
8/14/2024,4:22:13 PM,25.473,77.5,6.34,372.9,242,0.18,6.73
8/14/2024,4:22:23 PM,25.475,77.5,6.34,373,242,0.18,6.73
8/14/2024,4:22:33 PM,25.468,77.5,6.34,372.9,242,0.18,6.73
8/14/2024,4:22:43 PM,25.469,77.6,6.35,372.9,242,0.18,6.73
8/14/2024,4:22:53 PM,25.468,77.5,6.35,372.9,242,0.18,6.73
8/14/2024,4:23:03 PM,25.46,77.6,6.35,372.8,242,0.18,6.73
8/14/2024,4:23:13 PM,25.459,77.8,6.37,372.8,242,0.18,6.73
8/14/2024,4:23:23 PM,25.466,78,6.38,372.7,242,0.18,6.73
8/14/2024,4:23:33 PM,25.468,77.9,6.37,372.9,242,0.18,6.73
8/14/2024,4:23:43 PM,25.468,77.9,6.38,372.9,242,0.18,6.73
8/14/2024,4:23:53 PM,25.479,78.2,6.4,372.9,242,0.18,6.74
8/14/2024,4:24:03 PM,25.482,78.8,6.45,372.8,242,0.18,6.74
8/14/2024,4:24:13 PM,25.479,79,6.46,372.9,242,0.18,6.74
8/14/2024,4:24:23 PM,25.48,79.1,6.47,372.9,242,0.18,6.74
8/14/2024,4:24:33 PM,25.491,78.8,6.45,372.7,242,0.18,6.74
8/14/2024,4:24:43 PM,25.534,79.4,6.49,372.3,242,0.18,6.74
8/14/2024,4:24:53 PM,25.522,79.8,6.53,372.6,242,0.18,6.74
8/14/2024,4:25:03 PM,25.503,79.7,6.52,372.5,242,0.18,6.74
8/14/2024,4:25:13 PM,25.501,79.6,6.51,372.8,242,0.18,6.74
8/14/2024,4:25:23 PM,25.485,79.3,6.49,372.9,242,0.18,6.75
8/14/2024,4:25:33 PM,25.483,79.1,6.48,373.1,242,0.18,6.75
8/14/2024,4:25:43 PM,25.495,79.1,6.47,373,242,0.18,6.75
8/14/2024,4:25:53 PM,25.495,79.1,6.47,373,242,0.18,6.75
8/14/2024,4:26:03 PM,25.487,79.2,6.48,373,242,0.18,6.75
8/14/2024,4:26:13 PM,25.458,79.3,6.5,381,248,0.18,6.74
8/14/2024,4:26:23 PM,25.453,79.8,6.53,384,250,0.18,6.75
8/14/2024,4:26:33 PM,25.468,79.9,6.54,381.3,248,0.18,6.75
8/14/2024,4:26:43 PM,25.468,80.1,6.55,385.2,250,0.18,6.76
8/14/2024,4:26:53 PM,25.429,80.3,6.57,395.1,257,0.19,6.76
8/14/2024,4:27:03 PM,25.486,81,6.63,392.3,255,0.19,6.76
8/14/2024,4:27:13 PM,25.376,81.8,6.71,417,271,0.2,6.77
8/14/2024,4:27:23 PM,25.152,82.9,6.82,486.6,316,0.23,6.77
8/14/2024,4:27:33 PM,25.078,84.5,6.96,485.8,316,0.23,6.79
8/14/2024,4:27:43 PM,25.059,85.2,7.02,489.8,318,0.23,6.83
8/14/2024,4:27:53 PM,25.03,85.7,7.07,498.3,324,0.24,6.85
8/14/2024,4:28:03 PM,25.023,86.3,7.12,503.8,327,0.24,6.88
8/14/2024,4:28:13 PM,25.028,86.6,7.14,503.9,328,0.24,6.89
8/14/2024,4:28:23 PM,25.031,86.8,7.16,503.5,327,0.24,6.91
8/14/2024,4:28:33 PM,25.036,86.9,7.17,503.2,327,0.24,6.92
8/14/2024,4:28:43 PM,25.038,87.1,7.18,503,327,0.24,6.93
8/14/2024,4:28:53 PM,25.063,87.5,7.21,503.5,327,0.24,6.93
8/14/2024,4:29:03 PM,25.153,88.9,7.31,461.1,300,0.22,6.92
8/14/2024,4:29:13 PM,25.12,89.7,7.39,504.3,328,0.24,6.93
8/14/2024,4:29:23 PM,24.84,97.8,8.11,55.6,36,0.02,6.95
8/14/2024,4:29:33 PM,25.02,104.6,8.64,73.8,48,0.03,6.98
8/14/2024,4:29:43 PM,25.135,105.9,8.73,13.7,9,0,7.02
8/14/2024,4:29:53 PM,25.162,107.4,8.85,12.2,8,0,7.05
8/14/2024,4:30:03 PM,25.198,108.5,8.93,9.4,6,0,7.07
8/14/2024,4:30:13 PM,25.241,109.2,8.99,9.8,6,0,7.1
8/14/2024,4:30:23 PM,25.286,109.8,9.02,11.9,8,0,7.12
8/14/2024,4:30:33 PM,25.327,110.1,9.05,44.9,29,0.02,7.14
8/14/2024,4:30:43 PM,25.36,110.4,9.06,37.4,24,0.02,7.16
8/14/2024,4:30:53 PM,25.401,110.6,9.08,35.5,23,0.02,7.17
